job_role_code,job_title,outlet_format,usual_department,default_duties
ACCOUNT_OWNER,,any,,
GENERAL_MANAGER,,any,,
FRONT_OFFICE_MANAGER,,any,,
FRONT_DESK_EXECUTIVE,,any,,
BELL_CAPTAIN,,any,,
EXECUTIVE_HOUSEKEEPER,,any,,
HOUSEKEEPING_SUPERVISOR,,any,,
ROOM_ATTENDANT,,any,,
PUBLIC_AREA_ATTENDANT,,any,,
LAUNDRY_ATTENDANT,,any,,
POOL_ATTENDANT,Pool Attendant,any,HOUSEKEEPING,WORKS_SHIFTS; USES_DEPARTMENT_STORE
EXECUTIVE_CHEF,,any,,
SOUS_CHEF,,any,,
CHEF_DE_PARTIE,,any,,
COMMIS,,any,,
KITCHEN_STEWARD,,any,,
RESTAURANT_MANAGER,,any,,
CAPTAIN,,any,,
SERVER,,any,,
HOST,,any,,
BAR_MANAGER,,any,,
HEAD_BARTENDER,,any,,
BARTENDER,,any,,
BAR_BACK,,any,,
IRD_ORDER_TAKER,,any,,
CASHIER,,any,,
CHIEF_ENGINEER,,any,,
TECHNICIAN,,any,,
PURCHASE_MANAGER,,any,,
STORE_KEEPER,,any,,
RECEIVING_CLERK,,any,,
ACCOUNTANT,,any,,
COST_CONTROLLER,,any,,
HR_EXECUTIVE,,any,,
SALES_MANAGER,,any,,
BANQUET_MANAGER,,any,,
BANQUET_CAPTAIN,,any,,
BANQUET_SERVER,,any,,
IRD_MANAGER,,any,,
