username,display_name,job_role_code,home_node_code,login_type,email,employment_type,joined_on,password_mode,demo_presenter
test.ashesh-sajnani,Ashesh Sajnani,ACCOUNT_OWNER,PASSPORT-TEST,username,,full_time,2025-09-02,test_rule,no
passport.presenter,Demo Presenter,ACCOUNT_OWNER,PASSPORT-TEST,username,,full_time,2025-08-22,test_rule,yes
passport.gm,Sainath,GENERAL_MANAGER,PASSPORT-ASSAGAO,username,,full_time,2025-08-11,test_rule,no
passport.front-office-manager,Rohan D'Souza,FRONT_OFFICE_MANAGER,PASSPORT-ASSAGAO-FRONT-OFFICE,username,,full_time,2025-07-31,test_rule,no
passport.front-desk,Sneha Naik,FRONT_DESK_EXECUTIVE,PASSPORT-ASSAGAO-FRONT-OFFICE,username,,full_time,2025-07-20,test_rule,no
passport.bell-captain,Joaquim Pereira,BELL_CAPTAIN,PASSPORT-ASSAGAO-FRONT-OFFICE,username,,full_time,2025-07-09,test_rule,no
passport.executive-housekeeper,Maria Rodrigues,EXECUTIVE_HOUSEKEEPER,PASSPORT-ASSAGAO-HOUSEKEEPING,username,,full_time,2025-06-28,test_rule,no
passport.housekeeping-supervisor,Pooja Gaonkar,HOUSEKEEPING_SUPERVISOR,PASSPORT-ASSAGAO-HOUSEKEEPING,username,,full_time,2025-06-17,test_rule,no
passport.room-attendant,Savio Dias,ROOM_ATTENDANT,PASSPORT-ASSAGAO-HOUSEKEEPING,username,,full_time,2025-06-06,test_rule,no
passport.public-area,Shanti Velip,PUBLIC_AREA_ATTENDANT,PASSPORT-ASSAGAO-HOUSEKEEPING,username,,full_time,2025-05-26,test_rule,no
passport.laundry,Rekha Shirodkar,LAUNDRY_ATTENDANT,PASSPORT-ASSAGAO-HOUSEKEEPING,username,,full_time,2025-05-15,test_rule,no
passport.pool,Nikhil Kerkar,POOL_ATTENDANT,PASSPORT-ASSAGAO-HOUSEKEEPING,username,,full_time,2025-05-04,test_rule,no
passport.chef,Avinash Kamat,EXECUTIVE_CHEF,PASSPORT-ASSAGAO-KITCHEN,username,,full_time,2025-04-23,test_rule,no
passport.sous-chef,Elton Gomes,SOUS_CHEF,PASSPORT-ASSAGAO-KITCHEN,username,,full_time,2025-04-12,test_rule,no
passport.cdp,Priya Salgaonkar,CHEF_DE_PARTIE,PASSPORT-ASSAGAO-KITCHEN,username,,full_time,2025-04-01,test_rule,no
passport.commis,Ganesh Parab,COMMIS,PASSPORT-ASSAGAO-KITCHEN,username,,full_time,2025-03-21,test_rule,no
passport.steward,Raju Gawde,KITCHEN_STEWARD,PASSPORT-ASSAGAO-KITCHEN,username,,full_time,2025-03-10,test_rule,no
passport.restaurant-manager,Clara Menezes,RESTAURANT_MANAGER,PASSPORT-ASSAGAO-RESTAURANT,username,,full_time,2025-02-27,test_rule,no
passport.captain,Ashwin Prabhu,CAPTAIN,PASSPORT-ASSAGAO-RESTAURANT,username,,full_time,2025-02-16,test_rule,no
passport.server,Kevin Noronha,SERVER,PASSPORT-ASSAGAO-RESTAURANT,username,,full_time,2025-02-05,test_rule,no
passport.host,Tanvi Bhonsle,HOST,PASSPORT-ASSAGAO-RESTAURANT,username,,full_time,2025-01-25,test_rule,no
passport.bar-manager,Dylan Coutinho,BAR_MANAGER,PASSPORT-ASSAGAO-BAR,username,,full_time,2025-01-14,test_rule,no
passport.head-bartender,Ryan Mascarenhas,HEAD_BARTENDER,PASSPORT-ASSAGAO-BAR,username,,full_time,2025-01-03,test_rule,no
passport.bartender,Aisha Khan,BARTENDER,PASSPORT-ASSAGAO-BAR,username,,full_time,2024-12-23,test_rule,no
passport.bar-back,Suraj Mandrekar,BAR_BACK,PASSPORT-ASSAGAO-BAR,username,,full_time,2024-12-12,test_rule,no
passport.ird,Nadia Fonseca,IRD_ORDER_TAKER,PASSPORT-ASSAGAO-IN-ROOM-DINING,username,,full_time,2024-12-01,test_rule,no
passport.cashier,Kunal Sawant,CASHIER,PASSPORT-ASSAGAO-CASHIER,username,,full_time,2024-11-20,test_rule,no
passport.chief-engineer,Prakash Chodankar,CHIEF_ENGINEER,PASSPORT-ASSAGAO-ENGINEERING,username,,full_time,2024-11-09,test_rule,no
passport.technician,Vinay Harmalkar,TECHNICIAN,PASSPORT-ASSAGAO-ENGINEERING,username,,full_time,2024-10-29,test_rule,no
passport.purchase-manager,Shreya Kenkre,PURCHASE_MANAGER,PASSPORT-ASSAGAO-STORES-TEAM,username,,full_time,2024-10-18,test_rule,no
passport.store-keeper,Mahesh Talaulikar,STORE_KEEPER,PASSPORT-ASSAGAO-STORES-TEAM,username,,full_time,2024-10-07,test_rule,no
passport.receiving,Sandeep Volvoikar,RECEIVING_CLERK,PASSPORT-ASSAGAO-STORES-TEAM,username,,full_time,2024-09-26,test_rule,no
passport.accountant,Neha Sardesai,ACCOUNTANT,PASSPORT-ASSAGAO-ADMIN-FINANCE,username,,full_time,2024-09-15,test_rule,no
passport.cost-controller,Rahul Bandodkar,COST_CONTROLLER,PASSPORT-ASSAGAO-ADMIN-FINANCE,username,,full_time,2024-09-04,test_rule,no
passport.hr,Fatima Shaikh,HR_EXECUTIVE,PASSPORT-ASSAGAO-ADMIN-FINANCE,username,,full_time,2024-08-24,test_rule,no
passport.sales-manager,Leon Almeida,SALES_MANAGER,PASSPORT-ASSAGAO-BANQUETS,username,,full_time,2024-08-13,test_rule,no
passport.banquet-manager,Gail Lobo,BANQUET_MANAGER,PASSPORT-ASSAGAO-BANQUETS,username,,full_time,2024-08-02,test_rule,no
passport.banquet-captain,Vishal Kudalkar,BANQUET_CAPTAIN,PASSPORT-ASSAGAO-BANQUETS,username,,full_time,2024-07-22,test_rule,no
passport.banquet-server,Melissa Vaz,BANQUET_SERVER,PASSPORT-ASSAGAO-BANQUETS,username,,full_time,2024-07-11,test_rule,no
