item_code,store_node_code,par_level,reorder_qty,count_tolerance_pct,preferred_supplier_code,shelf,shelf_order
KINGFISH,PASSPORT-ASSAGAO-KITCHEN-STORE,8,4,10,SUP-SEAFOOD,,
PRAWNS,PASSPORT-ASSAGAO-KITCHEN-STORE,10,5,10,SUP-SEAFOOD,,
CLAMS,PASSPORT-ASSAGAO-KITCHEN-STORE,6,3,10,SUP-SEAFOOD,,
SQUID,PASSPORT-ASSAGAO-KITCHEN-STORE,5,2.5,10,SUP-SEAFOOD,,
CHICKEN,PASSPORT-ASSAGAO-KITCHEN-STORE,15,7.5,10,SUP-MEAT,,
PORK-BELLY,PASSPORT-ASSAGAO-KITCHEN-STORE,6,3,10,SUP-MEAT,,
CHOURICO,PASSPORT-ASSAGAO-KITCHEN-STORE,4,2,10,SUP-MEAT,,
EGGS,PASSPORT-ASSAGAO-KITCHEN-STORE,360,180,10,SUP-DAIRY,,
BUTTER,PASSPORT-ASSAGAO-KITCHEN-STORE,5,2.5,10,SUP-DAIRY,,
MILK,PASSPORT-ASSAGAO-KITCHEN-STORE,20,10,10,SUP-DAIRY,,
CHEESE,PASSPORT-ASSAGAO-KITCHEN-STORE,3,1.5,10,SUP-DAIRY,,
POI,PASSPORT-ASSAGAO-KITCHEN-STORE,120,60,10,SUP-POI,,
PAO,PASSPORT-ASSAGAO-KITCHEN-STORE,60,30,10,SUP-POI,,
SANDWICH-BREAD,PASSPORT-ASSAGAO-KITCHEN-STORE,80,40,10,SUP-POI,,
ONIONS,PASSPORT-ASSAGAO-KITCHEN-STORE,30,15,10,SUP-PRODUCE,,
TOMATOES,PASSPORT-ASSAGAO-KITCHEN-STORE,20,10,10,SUP-PRODUCE,,
POTATOES,PASSPORT-ASSAGAO-KITCHEN-STORE,25,12.5,10,SUP-PRODUCE,,
GREEN-CHILLIES,PASSPORT-ASSAGAO-KITCHEN-STORE,3,1.5,10,SUP-PRODUCE,,
GINGER,PASSPORT-ASSAGAO-KITCHEN-STORE,3,1.5,10,SUP-PRODUCE,,
GARLIC,PASSPORT-ASSAGAO-KITCHEN-STORE,4,2,10,SUP-PRODUCE,,
CORIANDER,PASSPORT-ASSAGAO-KITCHEN-STORE,2,1,10,SUP-PRODUCE,,
LIMES,PASSPORT-ASSAGAO-KITCHEN-STORE,120,60,10,SUP-PRODUCE,,
COCONUT,PASSPORT-ASSAGAO-KITCHEN-STORE,40,20,10,SUP-PRODUCE,,
PINEAPPLE,PASSPORT-ASSAGAO-KITCHEN-STORE,10,5,10,SUP-PRODUCE,,
MUSKMELON,PASSPORT-ASSAGAO-KITCHEN-STORE,8,4,10,SUP-PRODUCE,,
RED-RICE,PASSPORT-ASSAGAO-KITCHEN-STORE,25,12.5,2,SUP-GROCERY,,
FLOUR,PASSPORT-ASSAGAO-KITCHEN-STORE,15,7.5,2,SUP-GROCERY,,
SEMOLINA,PASSPORT-ASSAGAO-KITCHEN-STORE,8,4,2,SUP-GROCERY,,
SUGAR,PASSPORT-ASSAGAO-KITCHEN-STORE,15,7.5,2,SUP-GROCERY,,
JAGGERY,PASSPORT-ASSAGAO-KITCHEN-STORE,4,2,2,SUP-GROCERY,,
COCONUT-MILK,PASSPORT-ASSAGAO-KITCHEN-STORE,12,6,2,SUP-GROCERY,,
OIL,PASSPORT-ASSAGAO-KITCHEN-STORE,20,10,2,SUP-GROCERY,,
COCONUT-OIL,PASSPORT-ASSAGAO-KITCHEN-STORE,8,4,2,SUP-GROCERY,,
TODDY-VINEGAR,PASSPORT-ASSAGAO-KITCHEN-STORE,6,3,2,SUP-GROCERY,,
KOKUM,PASSPORT-ASSAGAO-KITCHEN-STORE,1,0.5,2,SUP-GROCERY,,
TAMARIND,PASSPORT-ASSAGAO-KITCHEN-STORE,2,1,2,SUP-GROCERY,,
KASHMIRI-CHILLI,PASSPORT-ASSAGAO-KITCHEN-STORE,2,1,2,SUP-GROCERY,,
CUMIN,PASSPORT-ASSAGAO-KITCHEN-STORE,1,0.5,2,SUP-GROCERY,,
TURMERIC,PASSPORT-ASSAGAO-KITCHEN-STORE,1,0.5,2,SUP-GROCERY,,
BLACK-PEPPER,PASSPORT-ASSAGAO-KITCHEN-STORE,0.5,0.3,2,SUP-GROCERY,,
CINNAMON,PASSPORT-ASSAGAO-KITCHEN-STORE,0.5,0.3,2,SUP-GROCERY,,
CLOVES,PASSPORT-ASSAGAO-KITCHEN-STORE,0.3,0.2,2,SUP-GROCERY,,
SALT,PASSPORT-ASSAGAO-KITCHEN-STORE,10,5,2,SUP-GROCERY,,
FRIES,PASSPORT-ASSAGAO-KITCHEN-STORE,15,7.5,10,SUP-GROCERY,,
NACHOS,PASSPORT-ASSAGAO-KITCHEN-STORE,4,2,2,SUP-GROCERY,,
FENI-750ML,PASSPORT-ASSAGAO-LAYOVER-BAR-STORE,12,6,2,SUP-SPIRITS,Back bar,0
TEQUILA-750ML,PASSPORT-ASSAGAO-LAYOVER-BAR-STORE,6,3,2,SUP-SPIRITS,Back bar,1
GIN-750ML,PASSPORT-ASSAGAO-LAYOVER-BAR-STORE,8,4,2,SUP-SPIRITS,Back bar,2
VODKA-750ML,PASSPORT-ASSAGAO-LAYOVER-BAR-STORE,6,3,2,SUP-SPIRITS,Back bar,3
WHITE-RUM-750ML,PASSPORT-ASSAGAO-LAYOVER-BAR-STORE,6,3,2,SUP-SPIRITS,Back bar,4
DARK-RUM-750ML,PASSPORT-ASSAGAO-LAYOVER-BAR-STORE,6,3,2,SUP-SPIRITS,Back bar,5
BOURBON-750ML,PASSPORT-ASSAGAO-LAYOVER-BAR-STORE,4,2,2,SUP-SPIRITS,Back bar,6
COFFEE-LIQUEUR-750ML,PASSPORT-ASSAGAO-LAYOVER-BAR-STORE,3,1.5,2,SUP-SPIRITS,Back bar,7
VERMOUTH-750ML,PASSPORT-ASSAGAO-LAYOVER-BAR-STORE,3,1.5,2,SUP-SPIRITS,Back bar,8
APERITIF-750ML,PASSPORT-ASSAGAO-LAYOVER-BAR-STORE,3,1.5,2,SUP-SPIRITS,Back bar,9
BITTERS-200ML,PASSPORT-ASSAGAO-LAYOVER-BAR-STORE,2,1,2,SUP-SPIRITS,Back bar,10
LAGER-330ML,PASSPORT-ASSAGAO-LAYOVER-BAR-STORE,96,48,2,SUP-SPIRITS,Beer fridge,11
CRAFT-BEER-330ML,PASSPORT-ASSAGAO-LAYOVER-BAR-STORE,48,24,2,SUP-SPIRITS,Beer fridge,12
RED-WINE-750ML,PASSPORT-ASSAGAO-LAYOVER-BAR-STORE,12,6,2,SUP-SPIRITS,Wine rack,13
WHITE-WINE-750ML,PASSPORT-ASSAGAO-LAYOVER-BAR-STORE,12,6,2,SUP-SPIRITS,Wine rack,14
TONIC-200ML,PASSPORT-ASSAGAO-LAYOVER-BAR-STORE,72,36,2,SUP-SPIRITS,Mixer fridge,15
SODA-750ML,PASSPORT-ASSAGAO-LAYOVER-BAR-STORE,36,18,2,SUP-SPIRITS,Mixer fridge,16
COLA-300ML,PASSPORT-ASSAGAO-LAYOVER-BAR-STORE,48,24,2,SUP-SPIRITS,Mixer fridge,17
LIMES,PASSPORT-ASSAGAO-LAYOVER-BAR-STORE,120,60,10,SUP-PRODUCE,Garnish fridge,18
MINT,PASSPORT-ASSAGAO-LAYOVER-BAR-STORE,1,0.5,10,SUP-PRODUCE,Garnish fridge,19
GREEN-CHILLIES,PASSPORT-ASSAGAO-LAYOVER-BAR-STORE,1,0.5,10,SUP-PRODUCE,Garnish fridge,20
PINEAPPLE,PASSPORT-ASSAGAO-LAYOVER-BAR-STORE,8,4,10,SUP-PRODUCE,Garnish fridge,21
MUSKMELON,PASSPORT-ASSAGAO-LAYOVER-BAR-STORE,6,3,10,SUP-PRODUCE,Garnish fridge,22
SUGAR,PASSPORT-ASSAGAO-LAYOVER-BAR-STORE,6,3,2,SUP-GROCERY,Dry shelf,23
JAGGERY,PASSPORT-ASSAGAO-LAYOVER-BAR-STORE,2,1,2,SUP-GROCERY,Dry shelf,24
SALT,PASSPORT-ASSAGAO-LAYOVER-BAR-STORE,2,1,2,SUP-GROCERY,Dry shelf,25
TODDY-VINEGAR,PASSPORT-ASSAGAO-LAYOVER-BAR-STORE,2,1,2,SUP-GROCERY,Dry shelf,26
ESPRESSO-BEANS,PASSPORT-ASSAGAO-LAYOVER-BAR-STORE,2,1,2,SUP-GROCERY,Dry shelf,27
HIBISCUS,PASSPORT-ASSAGAO-LAYOVER-BAR-STORE,0.5,0.3,2,SUP-GROCERY,Dry shelf,28
GARLIC,PASSPORT-ASSAGAO-LAYOVER-BAR-STORE,0.5,0.3,10,SUP-PRODUCE,Dry shelf,29
CINNAMON,PASSPORT-ASSAGAO-LAYOVER-BAR-STORE,0.2,0.1,2,SUP-GROCERY,Dry shelf,30
ICE,PASSPORT-ASSAGAO-LAYOVER-BAR-STORE,60,30,10,SUP-GROCERY,Ice machine,31
WATER-1L,PASSPORT-ASSAGAO-HOUSEKEEPING-STORE,120,60,2,SUP-GROCERY,,
COLA-300ML,PASSPORT-ASSAGAO-HOUSEKEEPING-STORE,60,30,2,SUP-SPIRITS,,
LAGER-330ML,PASSPORT-ASSAGAO-HOUSEKEEPING-STORE,60,30,2,SUP-SPIRITS,,
CASHEWS-100G,PASSPORT-ASSAGAO-HOUSEKEEPING-STORE,40,20,2,SUP-GROCERY,,
CHIPS-PACK,PASSPORT-ASSAGAO-HOUSEKEEPING-STORE,40,20,2,SUP-GROCERY,,
CHOCOLATE-BAR,PASSPORT-ASSAGAO-HOUSEKEEPING-STORE,40,20,2,SUP-GROCERY,,
FENI-NIP-180ML,PASSPORT-ASSAGAO-HOUSEKEEPING-STORE,20,10,2,SUP-SPIRITS,,
BATH-TOWEL,PASSPORT-ASSAGAO-HOUSEKEEPING-STORE,120,60,2,SUP-HOTEL,,
POOL-TOWEL,PASSPORT-ASSAGAO-HOUSEKEEPING-STORE,80,40,2,SUP-HOTEL,,
BEDSHEET-KING,PASSPORT-ASSAGAO-HOUSEKEEPING-STORE,90,45,2,SUP-HOTEL,,
SHAMPOO-30ML,PASSPORT-ASSAGAO-HOUSEKEEPING-STORE,300,150,2,SUP-HOTEL,,
SOAP-40G,PASSPORT-ASSAGAO-HOUSEKEEPING-STORE,300,150,2,SUP-HOTEL,,
DENTAL-KIT,PASSPORT-ASSAGAO-HOUSEKEEPING-STORE,200,100,2,SUP-HOTEL,,
TOILET-ROLL,PASSPORT-ASSAGAO-HOUSEKEEPING-STORE,250,125,2,SUP-HOTEL,,
POOL-CHLORINE,PASSPORT-ASSAGAO-HOUSEKEEPING-STORE,25,12.5,2,SUP-HOTEL,,
RED-RICE,PASSPORT-ASSAGAO-MAIN-STORE,100,50,2,SUP-GROCERY,,
FLOUR,PASSPORT-ASSAGAO-MAIN-STORE,50,25,2,SUP-GROCERY,,
SUGAR,PASSPORT-ASSAGAO-MAIN-STORE,50,25,2,SUP-GROCERY,,
OIL,PASSPORT-ASSAGAO-MAIN-STORE,60,30,2,SUP-GROCERY,,
COCONUT-OIL,PASSPORT-ASSAGAO-MAIN-STORE,20,10,2,SUP-GROCERY,,
FENI-750ML,PASSPORT-ASSAGAO-MAIN-STORE,24,12,2,SUP-SPIRITS,,
GIN-750ML,PASSPORT-ASSAGAO-MAIN-STORE,18,9,2,SUP-SPIRITS,,
VODKA-750ML,PASSPORT-ASSAGAO-MAIN-STORE,12,6,2,SUP-SPIRITS,,
TEQUILA-750ML,PASSPORT-ASSAGAO-MAIN-STORE,12,6,2,SUP-SPIRITS,,
BOURBON-750ML,PASSPORT-ASSAGAO-MAIN-STORE,6,3,2,SUP-SPIRITS,,
LAGER-330ML,PASSPORT-ASSAGAO-MAIN-STORE,240,120,2,SUP-SPIRITS,,
TONIC-200ML,PASSPORT-ASSAGAO-MAIN-STORE,144,72,2,SUP-SPIRITS,,
WATER-1L,PASSPORT-ASSAGAO-MAIN-STORE,300,150,2,SUP-GROCERY,,
SHAMPOO-30ML,PASSPORT-ASSAGAO-MAIN-STORE,600,300,2,SUP-HOTEL,,
SOAP-40G,PASSPORT-ASSAGAO-MAIN-STORE,600,300,2,SUP-HOTEL,,
TOILET-ROLL,PASSPORT-ASSAGAO-MAIN-STORE,400,200,2,SUP-HOTEL,,
CASHEWS-100G,PASSPORT-ASSAGAO-MAIN-STORE,60,30,2,SUP-GROCERY,,
