item_code,store_node_code,quantity,unit_cost_inr,as_of_date
KINGFISH,PASSPORT-ASSAGAO-KITCHEN-STORE,17.2,900,2026-10-01
PRAWNS,PASSPORT-ASSAGAO-KITCHEN-STORE,34.1,650,2026-10-01
CLAMS,PASSPORT-ASSAGAO-KITCHEN-STORE,12.3,220,2026-10-01
SQUID,PASSPORT-ASSAGAO-KITCHEN-STORE,13.7,420,2026-10-01
CHICKEN,PASSPORT-ASSAGAO-KITCHEN-STORE,45.2,260,2026-10-01
PORK-BELLY,PASSPORT-ASSAGAO-KITCHEN-STORE,13.2,480,2026-10-01
CHOURICO,PASSPORT-ASSAGAO-KITCHEN-STORE,13.3,900,2026-10-01
EGGS,PASSPORT-ASSAGAO-KITCHEN-STORE,718.2,7,2026-10-01
BUTTER,PASSPORT-ASSAGAO-KITCHEN-STORE,5.6,520,2026-10-01
MILK,PASSPORT-ASSAGAO-KITCHEN-STORE,14,60,2026-10-01
CHEESE,PASSPORT-ASSAGAO-KITCHEN-STORE,5.9,650,2026-10-01
POI,PASSPORT-ASSAGAO-KITCHEN-STORE,420,8,2026-10-01
PAO,PASSPORT-ASSAGAO-KITCHEN-STORE,249.9,6,2026-10-01
SANDWICH-BREAD,PASSPORT-ASSAGAO-KITCHEN-STORE,223,3,2026-10-01
ONIONS,PASSPORT-ASSAGAO-KITCHEN-STORE,35.9,35,2026-10-01
TOMATOES,PASSPORT-ASSAGAO-KITCHEN-STORE,19,40,2026-10-01
POTATOES,PASSPORT-ASSAGAO-KITCHEN-STORE,25.6,30,2026-10-01
GREEN-CHILLIES,PASSPORT-ASSAGAO-KITCHEN-STORE,3.5,80,2026-10-01
GINGER,PASSPORT-ASSAGAO-KITCHEN-STORE,2.8,120,2026-10-01
GARLIC,PASSPORT-ASSAGAO-KITCHEN-STORE,3.7,160,2026-10-01
CORIANDER,PASSPORT-ASSAGAO-KITCHEN-STORE,3.4,120,2026-10-01
LIMES,PASSPORT-ASSAGAO-KITCHEN-STORE,273.5,4,2026-10-01
COCONUT,PASSPORT-ASSAGAO-KITCHEN-STORE,53.3,35,2026-10-01
PINEAPPLE,PASSPORT-ASSAGAO-KITCHEN-STORE,15.5,60,2026-10-01
MUSKMELON,PASSPORT-ASSAGAO-KITCHEN-STORE,14.1,50,2026-10-01
RED-RICE,PASSPORT-ASSAGAO-KITCHEN-STORE,33.4,90,2026-10-01
FLOUR,PASSPORT-ASSAGAO-KITCHEN-STORE,13.1,45,2026-10-01
SEMOLINA,PASSPORT-ASSAGAO-KITCHEN-STORE,10,50,2026-10-01
SUGAR,PASSPORT-ASSAGAO-KITCHEN-STORE,12.6,45,2026-10-01
JAGGERY,PASSPORT-ASSAGAO-KITCHEN-STORE,2.8,160,2026-10-01
COCONUT-MILK,PASSPORT-ASSAGAO-KITCHEN-STORE,18.6,180,2026-10-01
OIL,PASSPORT-ASSAGAO-KITCHEN-STORE,28.8,150,2026-10-01
COCONUT-OIL,PASSPORT-ASSAGAO-KITCHEN-STORE,6.7,260,2026-10-01
TODDY-VINEGAR,PASSPORT-ASSAGAO-KITCHEN-STORE,6.7,120,2026-10-01
KOKUM,PASSPORT-ASSAGAO-KITCHEN-STORE,0.8,300,2026-10-01
TAMARIND,PASSPORT-ASSAGAO-KITCHEN-STORE,1.7,140,2026-10-01
KASHMIRI-CHILLI,PASSPORT-ASSAGAO-KITCHEN-STORE,3.2,650,2026-10-01
CUMIN,PASSPORT-ASSAGAO-KITCHEN-STORE,0.8,450,2026-10-01
TURMERIC,PASSPORT-ASSAGAO-KITCHEN-STORE,0.9,260,2026-10-01
BLACK-PEPPER,PASSPORT-ASSAGAO-KITCHEN-STORE,0.4,900,2026-10-01
CINNAMON,PASSPORT-ASSAGAO-KITCHEN-STORE,0.4,800,2026-10-01
CLOVES,PASSPORT-ASSAGAO-KITCHEN-STORE,0.2,1400,2026-10-01
SALT,PASSPORT-ASSAGAO-KITCHEN-STORE,7.4,20,2026-10-01
FRIES,PASSPORT-ASSAGAO-KITCHEN-STORE,31.5,140,2026-10-01
NACHOS,PASSPORT-ASSAGAO-KITCHEN-STORE,9.6,300,2026-10-01
FENI-750ML,PASSPORT-ASSAGAO-LAYOVER-BAR-STORE,19,650,2026-10-01
TEQUILA-750ML,PASSPORT-ASSAGAO-LAYOVER-BAR-STORE,13,3200,2026-10-01
GIN-750ML,PASSPORT-ASSAGAO-LAYOVER-BAR-STORE,15,1800,2026-10-01
VODKA-750ML,PASSPORT-ASSAGAO-LAYOVER-BAR-STORE,7,1500,2026-10-01
WHITE-RUM-750ML,PASSPORT-ASSAGAO-LAYOVER-BAR-STORE,11,800,2026-10-01
DARK-RUM-750ML,PASSPORT-ASSAGAO-LAYOVER-BAR-STORE,7,700,2026-10-01
BOURBON-750ML,PASSPORT-ASSAGAO-LAYOVER-BAR-STORE,6,3500,2026-10-01
COFFEE-LIQUEUR-750ML,PASSPORT-ASSAGAO-LAYOVER-BAR-STORE,5,1600,2026-10-01
VERMOUTH-750ML,PASSPORT-ASSAGAO-LAYOVER-BAR-STORE,4,1400,2026-10-01
APERITIF-750ML,PASSPORT-ASSAGAO-LAYOVER-BAR-STORE,4,1800,2026-10-01
BITTERS-200ML,PASSPORT-ASSAGAO-LAYOVER-BAR-STORE,2,1100,2026-10-01
LAGER-330ML,PASSPORT-ASSAGAO-LAYOVER-BAR-STORE,218,90,2026-10-01
CRAFT-BEER-330ML,PASSPORT-ASSAGAO-LAYOVER-BAR-STORE,105,160,2026-10-01
RED-WINE-750ML,PASSPORT-ASSAGAO-LAYOVER-BAR-STORE,18,900,2026-10-01
WHITE-WINE-750ML,PASSPORT-ASSAGAO-LAYOVER-BAR-STORE,20,900,2026-10-01
TONIC-200ML,PASSPORT-ASSAGAO-LAYOVER-BAR-STORE,160.9,45,2026-10-01
SODA-750ML,PASSPORT-ASSAGAO-LAYOVER-BAR-STORE,77,25,2026-10-01
COLA-300ML,PASSPORT-ASSAGAO-LAYOVER-BAR-STORE,33.6,35,2026-10-01
LIMES,PASSPORT-ASSAGAO-LAYOVER-BAR-STORE,632.1,4,2026-10-01
MINT,PASSPORT-ASSAGAO-LAYOVER-BAR-STORE,1.3,200,2026-10-01
GREEN-CHILLIES,PASSPORT-ASSAGAO-LAYOVER-BAR-STORE,1.9,80,2026-10-01
PINEAPPLE,PASSPORT-ASSAGAO-LAYOVER-BAR-STORE,12,60,2026-10-01
MUSKMELON,PASSPORT-ASSAGAO-LAYOVER-BAR-STORE,6.7,50,2026-10-01
SUGAR,PASSPORT-ASSAGAO-LAYOVER-BAR-STORE,9.7,45,2026-10-01
JAGGERY,PASSPORT-ASSAGAO-LAYOVER-BAR-STORE,2,160,2026-10-01
SALT,PASSPORT-ASSAGAO-LAYOVER-BAR-STORE,2.2,20,2026-10-01
TODDY-VINEGAR,PASSPORT-ASSAGAO-LAYOVER-BAR-STORE,2,120,2026-10-01
ESPRESSO-BEANS,PASSPORT-ASSAGAO-LAYOVER-BAR-STORE,1.9,1400,2026-10-01
HIBISCUS,PASSPORT-ASSAGAO-LAYOVER-BAR-STORE,0.5,600,2026-10-01
GARLIC,PASSPORT-ASSAGAO-LAYOVER-BAR-STORE,0.4,160,2026-10-01
CINNAMON,PASSPORT-ASSAGAO-LAYOVER-BAR-STORE,0.2,800,2026-10-01
ICE,PASSPORT-ASSAGAO-LAYOVER-BAR-STORE,140.3,15,2026-10-01
WATER-1L,PASSPORT-ASSAGAO-HOUSEKEEPING-STORE,84,20,2026-10-01
COLA-300ML,PASSPORT-ASSAGAO-HOUSEKEEPING-STORE,42,35,2026-10-01
LAGER-330ML,PASSPORT-ASSAGAO-HOUSEKEEPING-STORE,42,90,2026-10-01
CASHEWS-100G,PASSPORT-ASSAGAO-HOUSEKEEPING-STORE,28,140,2026-10-01
CHIPS-PACK,PASSPORT-ASSAGAO-HOUSEKEEPING-STORE,28,40,2026-10-01
CHOCOLATE-BAR,PASSPORT-ASSAGAO-HOUSEKEEPING-STORE,28,80,2026-10-01
FENI-NIP-180ML,PASSPORT-ASSAGAO-HOUSEKEEPING-STORE,14,170,2026-10-01
BATH-TOWEL,PASSPORT-ASSAGAO-HOUSEKEEPING-STORE,84,450,2026-10-01
POOL-TOWEL,PASSPORT-ASSAGAO-HOUSEKEEPING-STORE,56,380,2026-10-01
BEDSHEET-KING,PASSPORT-ASSAGAO-HOUSEKEEPING-STORE,63,900,2026-10-01
SHAMPOO-30ML,PASSPORT-ASSAGAO-HOUSEKEEPING-STORE,210,18,2026-10-01
SOAP-40G,PASSPORT-ASSAGAO-HOUSEKEEPING-STORE,210,14,2026-10-01
DENTAL-KIT,PASSPORT-ASSAGAO-HOUSEKEEPING-STORE,140,22,2026-10-01
TOILET-ROLL,PASSPORT-ASSAGAO-HOUSEKEEPING-STORE,175,25,2026-10-01
POOL-CHLORINE,PASSPORT-ASSAGAO-HOUSEKEEPING-STORE,17.5,180,2026-10-01
RED-RICE,PASSPORT-ASSAGAO-MAIN-STORE,70,90,2026-10-01
FLOUR,PASSPORT-ASSAGAO-MAIN-STORE,35,45,2026-10-01
SUGAR,PASSPORT-ASSAGAO-MAIN-STORE,35,45,2026-10-01
OIL,PASSPORT-ASSAGAO-MAIN-STORE,42,150,2026-10-01
COCONUT-OIL,PASSPORT-ASSAGAO-MAIN-STORE,14,260,2026-10-01
FENI-750ML,PASSPORT-ASSAGAO-MAIN-STORE,17,650,2026-10-01
GIN-750ML,PASSPORT-ASSAGAO-MAIN-STORE,13,1800,2026-10-01
VODKA-750ML,PASSPORT-ASSAGAO-MAIN-STORE,9,1500,2026-10-01
TEQUILA-750ML,PASSPORT-ASSAGAO-MAIN-STORE,9,3200,2026-10-01
BOURBON-750ML,PASSPORT-ASSAGAO-MAIN-STORE,5,3500,2026-10-01
LAGER-330ML,PASSPORT-ASSAGAO-MAIN-STORE,168,90,2026-10-01
TONIC-200ML,PASSPORT-ASSAGAO-MAIN-STORE,100.8,45,2026-10-01
WATER-1L,PASSPORT-ASSAGAO-MAIN-STORE,210,20,2026-10-01
SHAMPOO-30ML,PASSPORT-ASSAGAO-MAIN-STORE,420,18,2026-10-01
SOAP-40G,PASSPORT-ASSAGAO-MAIN-STORE,420,14,2026-10-01
TOILET-ROLL,PASSPORT-ASSAGAO-MAIN-STORE,280,25,2026-10-01
CASHEWS-100G,PASSPORT-ASSAGAO-MAIN-STORE,42,140,2026-10-01
