username,leave_type_code,year,entitled_days,used_days
passport.owner,CASUAL_LEAVE,2026,12,5
passport.owner,SICK_LEAVE,2026,12,3
passport.owner,EARNED_LEAVE,2026,18,5
passport.gm,CASUAL_LEAVE,2026,12,0
passport.gm,SICK_LEAVE,2026,12,2
passport.gm,EARNED_LEAVE,2026,18,6
passport.front-office-manager,CASUAL_LEAVE,2026,12,4
passport.front-office-manager,SICK_LEAVE,2026,12,0
passport.front-office-manager,EARNED_LEAVE,2026,18,2
passport.front-desk,CASUAL_LEAVE,2026,12,5
passport.front-desk,SICK_LEAVE,2026,12,1
passport.front-desk,EARNED_LEAVE,2026,18,3
passport.bell-captain,CASUAL_LEAVE,2026,12,4
passport.bell-captain,SICK_LEAVE,2026,12,0
passport.bell-captain,EARNED_LEAVE,2026,18,4
passport.executive-housekeeper,CASUAL_LEAVE,2026,12,0
passport.executive-housekeeper,SICK_LEAVE,2026,12,0
passport.executive-housekeeper,EARNED_LEAVE,2026,18,6
passport.housekeeping-supervisor,CASUAL_LEAVE,2026,12,0
passport.housekeeping-supervisor,SICK_LEAVE,2026,12,0
passport.housekeeping-supervisor,EARNED_LEAVE,2026,18,1
passport.room-attendant,CASUAL_LEAVE,2026,12,5
passport.room-attendant,SICK_LEAVE,2026,12,3
passport.room-attendant,EARNED_LEAVE,2026,18,5
passport.public-area,CASUAL_LEAVE,2026,12,2
passport.public-area,SICK_LEAVE,2026,12,2
passport.public-area,EARNED_LEAVE,2026,18,4
passport.laundry,CASUAL_LEAVE,2026,12,1
passport.laundry,SICK_LEAVE,2026,12,0
passport.laundry,EARNED_LEAVE,2026,18,2
passport.pool,CASUAL_LEAVE,2026,12,0
passport.pool,SICK_LEAVE,2026,12,1
passport.pool,EARNED_LEAVE,2026,18,1
passport.chef,CASUAL_LEAVE,2026,12,0
passport.chef,SICK_LEAVE,2026,12,1
passport.chef,EARNED_LEAVE,2026,18,6
passport.sous-chef,CASUAL_LEAVE,2026,12,0
passport.sous-chef,SICK_LEAVE,2026,12,1
passport.sous-chef,EARNED_LEAVE,2026,18,2
passport.cdp,CASUAL_LEAVE,2026,12,3
passport.cdp,SICK_LEAVE,2026,12,2
passport.cdp,EARNED_LEAVE,2026,18,6
passport.commis,CASUAL_LEAVE,2026,12,4
passport.commis,SICK_LEAVE,2026,12,2
passport.commis,EARNED_LEAVE,2026,18,6
passport.steward,CASUAL_LEAVE,2026,12,4
passport.steward,SICK_LEAVE,2026,12,3
passport.steward,EARNED_LEAVE,2026,18,2
passport.restaurant-manager,CASUAL_LEAVE,2026,12,1
passport.restaurant-manager,SICK_LEAVE,2026,12,1
passport.restaurant-manager,EARNED_LEAVE,2026,18,4
passport.captain,CASUAL_LEAVE,2026,12,2
passport.captain,SICK_LEAVE,2026,12,0
passport.captain,EARNED_LEAVE,2026,18,0
passport.server,CASUAL_LEAVE,2026,12,1
passport.server,SICK_LEAVE,2026,12,0
passport.server,EARNED_LEAVE,2026,18,3
passport.host,CASUAL_LEAVE,2026,12,1
passport.host,SICK_LEAVE,2026,12,3
passport.host,EARNED_LEAVE,2026,18,2
passport.bar-manager,CASUAL_LEAVE,2026,12,5
passport.bar-manager,SICK_LEAVE,2026,12,0
passport.bar-manager,EARNED_LEAVE,2026,18,2
passport.head-bartender,CASUAL_LEAVE,2026,12,0
passport.head-bartender,SICK_LEAVE,2026,12,1
passport.head-bartender,EARNED_LEAVE,2026,18,5
passport.bartender,CASUAL_LEAVE,2026,12,4
passport.bartender,SICK_LEAVE,2026,12,2
passport.bartender,EARNED_LEAVE,2026,18,2
passport.bar-back,CASUAL_LEAVE,2026,12,3
passport.bar-back,SICK_LEAVE,2026,12,2
passport.bar-back,EARNED_LEAVE,2026,18,2
passport.ird,CASUAL_LEAVE,2026,12,1
passport.ird,SICK_LEAVE,2026,12,2
passport.ird,EARNED_LEAVE,2026,18,5
passport.cashier,CASUAL_LEAVE,2026,12,0
passport.cashier,SICK_LEAVE,2026,12,0
passport.cashier,EARNED_LEAVE,2026,18,0
passport.chief-engineer,CASUAL_LEAVE,2026,12,1
passport.chief-engineer,SICK_LEAVE,2026,12,2
passport.chief-engineer,EARNED_LEAVE,2026,18,4
passport.technician,CASUAL_LEAVE,2026,12,2
passport.technician,SICK_LEAVE,2026,12,1
passport.technician,EARNED_LEAVE,2026,18,0
passport.purchase-manager,CASUAL_LEAVE,2026,12,4
passport.purchase-manager,SICK_LEAVE,2026,12,3
passport.purchase-manager,EARNED_LEAVE,2026,18,3
passport.store-keeper,CASUAL_LEAVE,2026,12,1
passport.store-keeper,SICK_LEAVE,2026,12,1
passport.store-keeper,EARNED_LEAVE,2026,18,4
passport.receiving,CASUAL_LEAVE,2026,12,2
passport.receiving,SICK_LEAVE,2026,12,3
passport.receiving,EARNED_LEAVE,2026,18,3
passport.accountant,CASUAL_LEAVE,2026,12,1
passport.accountant,SICK_LEAVE,2026,12,3
passport.accountant,EARNED_LEAVE,2026,18,6
passport.cost-controller,CASUAL_LEAVE,2026,12,5
passport.cost-controller,SICK_LEAVE,2026,12,2
passport.cost-controller,EARNED_LEAVE,2026,18,2
passport.hr,CASUAL_LEAVE,2026,12,5
passport.hr,SICK_LEAVE,2026,12,3
passport.hr,EARNED_LEAVE,2026,18,1
passport.sales-manager,CASUAL_LEAVE,2026,12,4
passport.sales-manager,SICK_LEAVE,2026,12,3
passport.sales-manager,EARNED_LEAVE,2026,18,2
passport.banquet-manager,CASUAL_LEAVE,2026,12,0
passport.banquet-manager,SICK_LEAVE,2026,12,3
passport.banquet-manager,EARNED_LEAVE,2026,18,2
passport.banquet-captain,CASUAL_LEAVE,2026,12,1
passport.banquet-captain,SICK_LEAVE,2026,12,1
passport.banquet-captain,EARNED_LEAVE,2026,18,0
passport.banquet-server,CASUAL_LEAVE,2026,12,2
passport.banquet-server,SICK_LEAVE,2026,12,2
passport.banquet-server,EARNED_LEAVE,2026,18,6
