roster_node_code,shift_name,start_time,end_time,job_role_code,headcount,days
PASSPORT-ASSAGAO-FRONT-OFFICE,Morning,07:00,15:00,FRONT_DESK_EXECUTIVE,1,Mon-Sun
PASSPORT-ASSAGAO-FRONT-OFFICE,Morning,07:00,15:00,BELL_CAPTAIN,1,Mon-Sun
PASSPORT-ASSAGAO-HOUSEKEEPING,Day,08:00,16:00,HOUSEKEEPING_SUPERVISOR,1,Mon-Sun
PASSPORT-ASSAGAO-HOUSEKEEPING,Day,08:00,16:00,ROOM_ATTENDANT,1,Mon-Sun
PASSPORT-ASSAGAO-HOUSEKEEPING,Day,08:00,16:00,PUBLIC_AREA_ATTENDANT,1,Mon-Sun
PASSPORT-ASSAGAO-HOUSEKEEPING,Day,08:00,16:00,LAUNDRY_ATTENDANT,1,Mon-Sun
PASSPORT-ASSAGAO-HOUSEKEEPING,Pool,07:00,15:00,POOL_ATTENDANT,1,Mon-Sun
PASSPORT-ASSAGAO-KITCHEN,Day,07:00,15:00,SOUS_CHEF,1,Mon-Sun
PASSPORT-ASSAGAO-KITCHEN,Day,07:00,15:00,CHEF_DE_PARTIE,1,Mon-Sun
PASSPORT-ASSAGAO-KITCHEN,Evening,14:00,22:00,COMMIS,1,Mon-Sun
PASSPORT-ASSAGAO-KITCHEN,Evening,14:00,22:00,KITCHEN_STEWARD,1,Mon-Sun
PASSPORT-ASSAGAO-RESTAURANT,Breakfast,06:30,14:30,CAPTAIN,1,Mon-Sun
PASSPORT-ASSAGAO-RESTAURANT,Breakfast,06:30,14:30,SERVER,1,Mon-Sun
PASSPORT-ASSAGAO-RESTAURANT,Breakfast,06:30,14:30,HOST,1,Mon-Sun
PASSPORT-ASSAGAO-BAR,Evening,16:00,00:00,HEAD_BARTENDER,1,Mon-Sun
PASSPORT-ASSAGAO-BAR,Evening,16:00,00:00,BARTENDER,1,Mon-Sun
PASSPORT-ASSAGAO-BAR,Evening,16:00,00:00,BAR_BACK,1,Mon-Sun
PASSPORT-ASSAGAO-IN-ROOM-DINING,Evening,15:00,23:00,IRD_ORDER_TAKER,1,Mon-Sun
PASSPORT-ASSAGAO-CASHIER,Evening,15:00,23:00,CASHIER,1,Mon-Sun
PASSPORT-ASSAGAO-ENGINEERING,Day,09:00,17:00,TECHNICIAN,1,Mon-Sun
PASSPORT-ASSAGAO-STORES-TEAM,Day,08:00,16:00,RECEIVING_CLERK,1,Mon-Sun
PASSPORT-ASSAGAO-BANQUETS,Event,15:00,23:00,BANQUET_CAPTAIN,1,Mon-Sun
PASSPORT-ASSAGAO-BANQUETS,Event,15:00,23:00,BANQUET_SERVER,1,Mon-Sun
