item_code,stock_unit,recipe_unit,recipe_units_per_stock_unit
KINGFISH,kg,g,1000
PRAWNS,kg,g,1000
CLAMS,kg,g,1000
SQUID,kg,g,1000
CHICKEN,kg,g,1000
PORK-BELLY,kg,g,1000
CHOURICO,kg,g,1000
EGGS,each,each,1
BUTTER,kg,g,1000
MILK,l,ml,1000
CHEESE,kg,g,1000
POI,each,each,1
PAO,each,each,1
SANDWICH-BREAD,each,each,1
ONIONS,kg,g,1000
TOMATOES,kg,g,1000
POTATOES,kg,g,1000
GREEN-CHILLIES,kg,g,1000
GINGER,kg,g,1000
GARLIC,kg,g,1000
CORIANDER,kg,g,1000
MINT,kg,g,1000
LIMES,each,each,1
COCONUT,each,each,1
PINEAPPLE,kg,g,1000
MUSKMELON,kg,g,1000
RED-RICE,kg,g,1000
FLOUR,kg,g,1000
SEMOLINA,kg,g,1000
SUGAR,kg,g,1000
JAGGERY,kg,g,1000
COCONUT-MILK,l,ml,1000
OIL,l,ml,1000
COCONUT-OIL,l,ml,1000
TODDY-VINEGAR,l,ml,1000
KOKUM,kg,g,1000
TAMARIND,kg,g,1000
KASHMIRI-CHILLI,kg,g,1000
CUMIN,kg,g,1000
TURMERIC,kg,g,1000
BLACK-PEPPER,kg,g,1000
CINNAMON,kg,g,1000
CLOVES,kg,g,1000
SALT,kg,g,1000
FRIES,kg,g,1000
NACHOS,kg,g,1000
ESPRESSO-BEANS,kg,g,1000
HIBISCUS,kg,g,1000
ICE,kg,g,1000
FENI-750ML,bottle,ml,750
TEQUILA-750ML,bottle,ml,750
GIN-750ML,bottle,ml,750
VODKA-750ML,bottle,ml,750
WHITE-RUM-750ML,bottle,ml,750
DARK-RUM-750ML,bottle,ml,750
BOURBON-750ML,bottle,ml,750
COFFEE-LIQUEUR-750ML,bottle,ml,750
VERMOUTH-750ML,bottle,ml,750
APERITIF-750ML,bottle,ml,750
BITTERS-200ML,bottle,ml,200
LAGER-330ML,bottle,each,1
CRAFT-BEER-330ML,can,each,1
RED-WINE-750ML,bottle,ml,750
WHITE-WINE-750ML,bottle,ml,750
TONIC-200ML,can,ml,200
SODA-750ML,bottle,ml,750
COLA-300ML,can,each,1
WATER-1L,bottle,each,1
CASHEWS-100G,pack,each,1
CHIPS-PACK,pack,each,1
CHOCOLATE-BAR,each,each,1
FENI-NIP-180ML,bottle,each,1
BATH-TOWEL,each,each,1
POOL-TOWEL,each,each,1
BEDSHEET-KING,each,each,1
SHAMPOO-30ML,each,each,1
SOAP-40G,each,each,1
DENTAL-KIT,each,each,1
TOILET-ROLL,each,each,1
