prep_item_code,name,prep_type,unit,batch_yield,shelf_life_hours,food_type,allergens,batch_portions
SUGAR-SYRUP,Sugar syrup,house_mixer,ml,1000,336,veg,,50
TEPACHE-LIQUEUR,Pineapple tepache liqueur,house_mixer,ml,1000,240,veg,,33
THECHA-SALT,Green chilli thecha salt,house_mixer,g,250,336,veg,,125
COLD-BREW,Cold brew coffee,house_mixer,ml,1000,72,veg,,16
MUSKMELON-SHRUB,Muskmelon shrub,house_mixer,ml,750,168,veg,,25
HIBISCUS-SYRUP,Hibiscus syrup,house_mixer,ml,750,240,veg,,37
RECHEADO-MASALA,Recheado masala,kitchen_prep,g,1000,336,veg,,50
XACUTI-MASALA,Xacuti masala,kitchen_prep,g,1000,120,veg,,40
GOAN-CURRY-BASE,Goan coconut curry base,kitchen_prep,ml,3000,72,veg,,20
