prep_item_code,store_node_code,made_here,par_level
SUGAR-SYRUP,PASSPORT-ASSAGAO-LAYOVER-BAR-STORE,yes,1500
SUGAR-SYRUP,PASSPORT-ASSAGAO-MINI-BAR-STORE,yes,1500
TEPACHE-LIQUEUR,PASSPORT-ASSAGAO-LAYOVER-BAR-STORE,yes,1000
TEPACHE-LIQUEUR,PASSPORT-ASSAGAO-MINI-BAR-STORE,yes,1000
THECHA-SALT,PASSPORT-ASSAGAO-LAYOVER-BAR-STORE,yes,250
THECHA-SALT,PASSPORT-ASSAGAO-MINI-BAR-STORE,yes,250
COLD-BREW,PASSPORT-ASSAGAO-LAYOVER-BAR-STORE,yes,1000
COLD-BREW,PASSPORT-ASSAGAO-MINI-BAR-STORE,yes,1000
MUSKMELON-SHRUB,PASSPORT-ASSAGAO-LAYOVER-BAR-STORE,yes,750
MUSKMELON-SHRUB,PASSPORT-ASSAGAO-MINI-BAR-STORE,yes,750
HIBISCUS-SYRUP,PASSPORT-ASSAGAO-LAYOVER-BAR-STORE,yes,750
HIBISCUS-SYRUP,PASSPORT-ASSAGAO-MINI-BAR-STORE,yes,750
RECHEADO-MASALA,PASSPORT-ASSAGAO-KITCHEN-STORE,yes,1000
XACUTI-MASALA,PASSPORT-ASSAGAO-KITCHEN-STORE,yes,1000
GOAN-CURRY-BASE,PASSPORT-ASSAGAO-KITCHEN-STORE,yes,3000
