recipe_for_code,recipe_for_kind,ingredient_code,ingredient_kind,quantity,unit,trim_loss_pct
SUGAR-SYRUP,prep,SUGAR,raw,650,g,0
TEPACHE-LIQUEUR,prep,PINEAPPLE,raw,800,g,0
TEPACHE-LIQUEUR,prep,JAGGERY,raw,150,g,0
TEPACHE-LIQUEUR,prep,CINNAMON,raw,3,g,0
TEPACHE-LIQUEUR,prep,FENI-750ML,raw,250,ml,0
THECHA-SALT,prep,GREEN-CHILLIES,raw,80,g,0
THECHA-SALT,prep,GARLIC,raw,20,g,0
THECHA-SALT,prep,SALT,raw,200,g,0
COLD-BREW,prep,ESPRESSO-BEANS,raw,120,g,0
MUSKMELON-SHRUB,prep,MUSKMELON,raw,600,g,0
MUSKMELON-SHRUB,prep,SUGAR,raw,200,g,0
MUSKMELON-SHRUB,prep,TODDY-VINEGAR,raw,150,ml,0
HIBISCUS-SYRUP,prep,HIBISCUS,raw,30,g,0
HIBISCUS-SYRUP,prep,SUGAR,raw,450,g,0
RECHEADO-MASALA,prep,KASHMIRI-CHILLI,raw,200,g,0
RECHEADO-MASALA,prep,GARLIC,raw,120,g,0
RECHEADO-MASALA,prep,GINGER,raw,60,g,0
RECHEADO-MASALA,prep,CUMIN,raw,20,g,0
RECHEADO-MASALA,prep,CINNAMON,raw,10,g,0
RECHEADO-MASALA,prep,CLOVES,raw,5,g,0
RECHEADO-MASALA,prep,TAMARIND,raw,60,g,0
RECHEADO-MASALA,prep,TODDY-VINEGAR,raw,400,ml,0
RECHEADO-MASALA,prep,SUGAR,raw,40,g,0
XACUTI-MASALA,prep,COCONUT,raw,3,each,0
XACUTI-MASALA,prep,KASHMIRI-CHILLI,raw,80,g,0
XACUTI-MASALA,prep,ONIONS,raw,300,g,0
XACUTI-MASALA,prep,BLACK-PEPPER,raw,15,g,0
XACUTI-MASALA,prep,CINNAMON,raw,8,g,0
XACUTI-MASALA,prep,CLOVES,raw,4,g,0
XACUTI-MASALA,prep,TURMERIC,raw,10,g,0
XACUTI-MASALA,prep,COCONUT-OIL,raw,60,ml,0
GOAN-CURRY-BASE,prep,COCONUT-MILK,raw,1500,ml,0
GOAN-CURRY-BASE,prep,ONIONS,raw,400,g,0
GOAN-CURRY-BASE,prep,TOMATOES,raw,300,g,0
GOAN-CURRY-BASE,prep,KASHMIRI-CHILLI,raw,40,g,0
GOAN-CURRY-BASE,prep,TURMERIC,raw,10,g,0
GOAN-CURRY-BASE,prep,KOKUM,raw,30,g,0
GOAN-CURRY-BASE,prep,COCONUT-OIL,raw,80,ml,0
GOAN-CURRY-BASE,prep,SALT,raw,30,g,0
PASSPORT-DE-PICANTE,menu,TEQUILA-750ML,raw,50,ml,0
PASSPORT-DE-PICANTE,menu,PINEAPPLE,raw,60,g,10
PASSPORT-DE-PICANTE,menu,GREEN-CHILLIES,raw,4,g,0
PASSPORT-DE-PICANTE,menu,LIMES,raw,1,each,0
PASSPORT-DE-PICANTE,menu,SUGAR-SYRUP,prep,15,ml,0
PASSPORT-DE-PICANTE,menu,ICE,raw,150,g,0
MADAME-ROSITA,menu,GIN-750ML,raw,45,ml,0
MADAME-ROSITA,menu,HIBISCUS-SYRUP,prep,20,ml,0
MADAME-ROSITA,menu,LIMES,raw,1,each,0
MADAME-ROSITA,menu,SODA-750ML,raw,60,ml,0
MADAME-ROSITA,menu,ICE,raw,150,g,0
HOT-GIRL-CLUB,menu,FENI-750ML,raw,30,ml,0
HOT-GIRL-CLUB,menu,TEQUILA-750ML,raw,30,ml,0
HOT-GIRL-CLUB,menu,TEPACHE-LIQUEUR,prep,30,ml,0
HOT-GIRL-CLUB,menu,GREEN-CHILLIES,raw,5,g,0
HOT-GIRL-CLUB,menu,THECHA-SALT,prep,3,g,0
HOT-GIRL-CLUB,menu,LIMES,raw,1,each,0
HOT-GIRL-CLUB,menu,ICE,raw,150,g,0
CAFE-NOIR,menu,DARK-RUM-750ML,raw,40,ml,0
CAFE-NOIR,menu,COFFEE-LIQUEUR-750ML,raw,20,ml,0
CAFE-NOIR,menu,COLD-BREW,prep,40,ml,0
CAFE-NOIR,menu,SUGAR-SYRUP,prep,10,ml,0
CAFE-NOIR,menu,ICE,raw,120,g,0
MELONI,menu,BOURBON-750ML,raw,50,ml,0
MELONI,menu,MUSKMELON-SHRUB,prep,20,ml,0
MELONI,menu,BITTERS-200ML,raw,2,ml,0
MELONI,menu,ICE,raw,100,g,0
FENI-TONIC,menu,FENI-750ML,raw,45,ml,0
FENI-TONIC,menu,TONIC-200ML,raw,150,ml,0
FENI-TONIC,menu,LIMES,raw,1,each,0
FENI-TONIC,menu,ICE,raw,150,g,0
NEGRONI,menu,GIN-750ML,raw,30,ml,0
NEGRONI,menu,VERMOUTH-750ML,raw,30,ml,0
NEGRONI,menu,APERITIF-750ML,raw,30,ml,0
NEGRONI,menu,ICE,raw,100,g,0
LAYOVER-MOJITO,menu,WHITE-RUM-750ML,raw,60,ml,0
LAYOVER-MOJITO,menu,MINT,raw,8,g,0
LAYOVER-MOJITO,menu,LIMES,raw,1,each,0
LAYOVER-MOJITO,menu,SUGAR-SYRUP,prep,20,ml,0
LAYOVER-MOJITO,menu,SODA-750ML,raw,90,ml,0
LAYOVER-MOJITO,menu,ICE,raw,200,g,0
LAYOVER-GT,menu,GIN-750ML,raw,60,ml,0
LAYOVER-GT,menu,TONIC-200ML,raw,200,ml,0
LAYOVER-GT,menu,LIMES,raw,1,each,0
LAYOVER-GT,menu,ICE,raw,150,g,0
LAYOVER-ESPRESSO-MARTINI,menu,VODKA-750ML,raw,45,ml,0
LAYOVER-ESPRESSO-MARTINI,menu,COFFEE-LIQUEUR-750ML,raw,20,ml,0
LAYOVER-ESPRESSO-MARTINI,menu,COLD-BREW,prep,30,ml,0
LAYOVER-ESPRESSO-MARTINI,menu,SUGAR-SYRUP,prep,10,ml,0
LAYOVER-ESPRESSO-MARTINI,menu,ICE,raw,120,g,0
LAYOVER-HOT-GIRL-CLUB,menu,FENI-750ML,raw,30,ml,0
LAYOVER-HOT-GIRL-CLUB,menu,TEQUILA-750ML,raw,30,ml,0
LAYOVER-HOT-GIRL-CLUB,menu,TEPACHE-LIQUEUR,prep,30,ml,0
LAYOVER-HOT-GIRL-CLUB,menu,GREEN-CHILLIES,raw,5,g,0
LAYOVER-HOT-GIRL-CLUB,menu,THECHA-SALT,prep,3,g,0
LAYOVER-HOT-GIRL-CLUB,menu,LIMES,raw,1,each,0
LAYOVER-HOT-GIRL-CLUB,menu,ICE,raw,150,g,0
LAGER-BOTTLE,menu,LAGER-330ML,raw,1,each,0
CRAFT-BEER,menu,CRAFT-BEER-330ML,raw,1,each,0
RED-WINE-GLASS,menu,RED-WINE-750ML,raw,150,ml,0
WHITE-WINE-GLASS,menu,WHITE-WINE-750ML,raw,150,ml,0
FRESH-LIME-SODA,menu,LIMES,raw,1,each,0
FRESH-LIME-SODA,menu,SUGAR-SYRUP,prep,25,ml,0
FRESH-LIME-SODA,menu,SODA-750ML,raw,250,ml,0
FRESH-LIME-SODA,menu,ICE,raw,100,g,0
ROS-OMELETTE,menu,EGGS,raw,3,each,0
ROS-OMELETTE,menu,POI,raw,2,each,0
ROS-OMELETTE,menu,XACUTI-MASALA,prep,60,g,0
ROS-OMELETTE,menu,CHICKEN,raw,80,g,0
ROS-OMELETTE,menu,ONIONS,raw,30,g,0
ROS-OMELETTE,menu,BUTTER,raw,10,g,0
CHOURICO-PAO,menu,CHOURICO,raw,120,g,0
CHOURICO-PAO,menu,PAO,raw,2,each,0
CHOURICO-PAO,menu,ONIONS,raw,40,g,0
CHOURICO-PAO,menu,GREEN-CHILLIES,raw,5,g,0
BHAJI-PAO,menu,POTATOES,raw,180,g,0
BHAJI-PAO,menu,ONIONS,raw,50,g,0
BHAJI-PAO,menu,COCONUT,raw,0.1,each,0
BHAJI-PAO,menu,PAO,raw,2,each,0
BHAJI-PAO,menu,TURMERIC,raw,2,g,0
BHAJI-PAO,menu,OIL,raw,15,ml,0
FRUIT-PLATE,menu,PINEAPPLE,raw,150,g,10
FRUIT-PLATE,menu,MUSKMELON,raw,150,g,10
FRUIT-PLATE,menu,LIMES,raw,0.5,each,0
PRAWN-RECHEADO,menu,PRAWNS,raw,200,g,10
PRAWN-RECHEADO,menu,RECHEADO-MASALA,prep,40,g,0
PRAWN-RECHEADO,menu,OIL,raw,20,ml,0
PRAWN-RECHEADO,menu,LIMES,raw,0.5,each,0
CALAMARI,menu,SQUID,raw,180,g,10
CALAMARI,menu,SEMOLINA,raw,40,g,0
CALAMARI,menu,FLOUR,raw,20,g,0
CALAMARI,menu,OIL,raw,60,ml,0
CALAMARI,menu,LIMES,raw,0.5,each,0
CHICKEN-CAFREAL,menu,CHICKEN,raw,250,g,0
CHICKEN-CAFREAL,menu,CORIANDER,raw,30,g,0
CHICKEN-CAFREAL,menu,GREEN-CHILLIES,raw,15,g,0
CHICKEN-CAFREAL,menu,GINGER,raw,10,g,0
CHICKEN-CAFREAL,menu,GARLIC,raw,10,g,0
CHICKEN-CAFREAL,menu,LIMES,raw,1,each,0
CHICKEN-CAFREAL,menu,OIL,raw,20,ml,0
CHOURICO-NACHOS,menu,NACHOS,raw,120,g,0
CHOURICO-NACHOS,menu,CHOURICO,raw,60,g,0
CHOURICO-NACHOS,menu,CHEESE,raw,50,g,0
CHOURICO-NACHOS,menu,TOMATOES,raw,40,g,0
KINGFISH-RAVA-FRY,menu,KINGFISH,raw,220,g,10
KINGFISH-RAVA-FRY,menu,SEMOLINA,raw,40,g,0
KINGFISH-RAVA-FRY,menu,RECHEADO-MASALA,prep,20,g,0
KINGFISH-RAVA-FRY,menu,OIL,raw,40,ml,0
KINGFISH-RAVA-FRY,menu,LIMES,raw,0.5,each,0
PRAWN-CURRY-RICE,menu,PRAWNS,raw,150,g,10
PRAWN-CURRY-RICE,menu,GOAN-CURRY-BASE,prep,250,ml,0
PRAWN-CURRY-RICE,menu,RED-RICE,raw,150,g,0
PORK-VINDALHO,menu,PORK-BELLY,raw,220,g,0
PORK-VINDALHO,menu,RECHEADO-MASALA,prep,50,g,0
PORK-VINDALHO,menu,ONIONS,raw,60,g,0
PORK-VINDALHO,menu,TODDY-VINEGAR,raw,20,ml,0
PORK-VINDALHO,menu,POI,raw,2,each,0
TISREO-SUKHEM,menu,CLAMS,raw,250,g,0
TISREO-SUKHEM,menu,COCONUT,raw,0.25,each,0
TISREO-SUKHEM,menu,ONIONS,raw,50,g,0
TISREO-SUKHEM,menu,TURMERIC,raw,2,g,0
TISREO-SUKHEM,menu,KASHMIRI-CHILLI,raw,5,g,0
TISREO-SUKHEM,menu,COCONUT-OIL,raw,15,ml,0
BEBINCA,menu,EGGS,raw,2,each,0
BEBINCA,menu,COCONUT-MILK,raw,80,ml,0
BEBINCA,menu,FLOUR,raw,30,g,0
BEBINCA,menu,SUGAR,raw,40,g,0
BEBINCA,menu,BUTTER,raw,20,g,0
IRD-CLUB-SANDWICH,menu,SANDWICH-BREAD,raw,3,each,0
IRD-CLUB-SANDWICH,menu,CHICKEN,raw,80,g,0
IRD-CLUB-SANDWICH,menu,EGGS,raw,1,each,0
IRD-CLUB-SANDWICH,menu,CHEESE,raw,25,g,0
IRD-CLUB-SANDWICH,menu,TOMATOES,raw,40,g,0
IRD-CLUB-SANDWICH,menu,FRIES,raw,120,g,0
IRD-CLUB-SANDWICH,menu,OIL,raw,30,ml,0
IRD-CHICKEN-XACUTI,menu,CHICKEN,raw,220,g,0
IRD-CHICKEN-XACUTI,menu,XACUTI-MASALA,prep,120,g,0
IRD-CHICKEN-XACUTI,menu,RED-RICE,raw,150,g,0
IRD-MASALA-OMELETTE,menu,EGGS,raw,3,each,0
IRD-MASALA-OMELETTE,menu,ONIONS,raw,30,g,0
IRD-MASALA-OMELETTE,menu,GREEN-CHILLIES,raw,5,g,0
IRD-MASALA-OMELETTE,menu,SANDWICH-BREAD,raw,2,each,0
IRD-MASALA-OMELETTE,menu,BUTTER,raw,10,g,0
POOL-FRIES,menu,FRIES,raw,200,g,0
POOL-FRIES,menu,OIL,raw,60,ml,0
POOL-FRIES,menu,KASHMIRI-CHILLI,raw,3,g,0
POOL-FRIES,menu,SALT,raw,3,g,0
POOL-CHICKEN-POI,menu,POI,raw,2,each,0
POOL-CHICKEN-POI,menu,CHICKEN,raw,150,g,0
POOL-CHICKEN-POI,menu,CORIANDER,raw,15,g,0
POOL-CHICKEN-POI,menu,GREEN-CHILLIES,raw,8,g,0
POOL-CHICKEN-POI,menu,LIMES,raw,0.5,each,0
