menu_item_code,name,menu,category,serving
PASSPORT-DE-PICANTE,Passport De Picante,Bar,Mini Bar signatures,1 glass
MADAME-ROSITA,Madame Rosita,Bar,Mini Bar signatures,1 glass
HOT-GIRL-CLUB,Hot Girl Club,Bar,Mini Bar signatures,1 glass
CAFE-NOIR,Café Noir,Bar,Mini Bar signatures,1 glass
MELONI,Meloni,Bar,Mini Bar signatures,1 glass
FENI-TONIC,Feni & tonic,Bar,Mini Bar classics,1 glass
NEGRONI,Negroni,Bar,Mini Bar classics,1 glass
LAYOVER-MOJITO,Mojito,Bar,Layover cocktails,1 glass
LAYOVER-GT,Gin & tonic,Bar,Layover cocktails,1 glass
LAYOVER-ESPRESSO-MARTINI,Espresso martini,Bar,Layover cocktails,1 glass
LAYOVER-HOT-GIRL-CLUB,Hot Girl Club (Layover),Bar,Layover cocktails,1 glass
LAGER-BOTTLE,"Lager, bottle",Bar,Beer,1 bottle
CRAFT-BEER,Goan craft beer,Bar,Beer,1 can
RED-WINE-GLASS,"House red, glass",Bar,Wine,150 ml
WHITE-WINE-GLASS,"House white, glass",Bar,Wine,150 ml
FRESH-LIME-SODA,Fresh lime soda (pool),Bar,Pool drinks,1 glass
ROS-OMELETTE,Ros omelette with poi,Food,Breakfast,1 plate
CHOURICO-PAO,Chouriço pao,Food,Breakfast,2 pao
BHAJI-PAO,Goan bhaji pao,Food,Breakfast,1 plate
FRUIT-PLATE,Fresh fruit plate,Food,Breakfast,1 plate
PRAWN-RECHEADO,Prawns recheado,Food,Layover small plates,1 plate
CALAMARI,"Calamari, rava fried",Food,Layover small plates,1 plate
CHICKEN-CAFREAL,Chicken cafreal,Food,Layover small plates,1 plate
CHOURICO-NACHOS,Chouriço nachos,Food,Layover small plates,1 plate
KINGFISH-RAVA-FRY,Kingfish rava fry,Food,Layover mains,1 plate
PRAWN-CURRY-RICE,Goan prawn curry & red rice,Food,Layover mains,1 plate
PORK-VINDALHO,Pork vindalho & poi,Food,Layover mains,1 plate
TISREO-SUKHEM,Tisreo sukhem (clams),Food,Layover small plates,1 plate
BEBINCA,Bebinca,Food,Desserts,1 slice
IRD-CLUB-SANDWICH,Club sandwich (in-room),Food,In-room dining,1 plate
IRD-CHICKEN-XACUTI,Chicken xacuti & rice (in-room),Food,In-room dining,1 plate
IRD-MASALA-OMELETTE,Masala omelette & toast (in-room),Food,In-room dining,1 plate
POOL-FRIES,Peri-peri fries (pool),Food,Pool snacks,1 basket
POOL-CHICKEN-POI,Chicken cafreal poi (pool),Food,Pool snacks,2 pieces
