menu_item_code,outlet_code,sold_from_store_code,price_inr_before_tax,pos_code
PASSPORT-DE-PICANTE,PASSPORT-ASSAGAO,PASSPORT-ASSAGAO-MINI-BAR-STORE,650,5001
MADAME-ROSITA,PASSPORT-ASSAGAO,PASSPORT-ASSAGAO-MINI-BAR-STORE,600,5002
HOT-GIRL-CLUB,PASSPORT-ASSAGAO,PASSPORT-ASSAGAO-MINI-BAR-STORE,650,5003
CAFE-NOIR,PASSPORT-ASSAGAO,PASSPORT-ASSAGAO-MINI-BAR-STORE,600,5004
MELONI,PASSPORT-ASSAGAO,PASSPORT-ASSAGAO-MINI-BAR-STORE,700,5005
FENI-TONIC,PASSPORT-ASSAGAO,PASSPORT-ASSAGAO-MINI-BAR-STORE,450,5006
NEGRONI,PASSPORT-ASSAGAO,PASSPORT-ASSAGAO-MINI-BAR-STORE,600,5007
LAYOVER-MOJITO,PASSPORT-ASSAGAO,PASSPORT-ASSAGAO-LAYOVER-BAR-STORE,500,5008
LAYOVER-GT,PASSPORT-ASSAGAO,PASSPORT-ASSAGAO-LAYOVER-BAR-STORE,550,5009
LAYOVER-ESPRESSO-MARTINI,PASSPORT-ASSAGAO,PASSPORT-ASSAGAO-LAYOVER-BAR-STORE,600,5010
LAYOVER-HOT-GIRL-CLUB,PASSPORT-ASSAGAO,PASSPORT-ASSAGAO-LAYOVER-BAR-STORE,650,5011
LAGER-BOTTLE,PASSPORT-ASSAGAO,PASSPORT-ASSAGAO-LAYOVER-BAR-STORE,250,5012
CRAFT-BEER,PASSPORT-ASSAGAO,PASSPORT-ASSAGAO-LAYOVER-BAR-STORE,350,5013
RED-WINE-GLASS,PASSPORT-ASSAGAO,PASSPORT-ASSAGAO-LAYOVER-BAR-STORE,450,5014
WHITE-WINE-GLASS,PASSPORT-ASSAGAO,PASSPORT-ASSAGAO-LAYOVER-BAR-STORE,450,5015
FRESH-LIME-SODA,PASSPORT-ASSAGAO,PASSPORT-ASSAGAO-LAYOVER-BAR-STORE,180,5016
ROS-OMELETTE,PASSPORT-ASSAGAO,PASSPORT-ASSAGAO-KITCHEN-STORE,380,5017
CHOURICO-PAO,PASSPORT-ASSAGAO,PASSPORT-ASSAGAO-KITCHEN-STORE,340,5018
BHAJI-PAO,PASSPORT-ASSAGAO,PASSPORT-ASSAGAO-KITCHEN-STORE,260,5019
FRUIT-PLATE,PASSPORT-ASSAGAO,PASSPORT-ASSAGAO-KITCHEN-STORE,280,5020
PRAWN-RECHEADO,PASSPORT-ASSAGAO,PASSPORT-ASSAGAO-KITCHEN-STORE,650,5021
CALAMARI,PASSPORT-ASSAGAO,PASSPORT-ASSAGAO-KITCHEN-STORE,520,5022
CHICKEN-CAFREAL,PASSPORT-ASSAGAO,PASSPORT-ASSAGAO-KITCHEN-STORE,520,5023
CHOURICO-NACHOS,PASSPORT-ASSAGAO,PASSPORT-ASSAGAO-KITCHEN-STORE,480,5024
KINGFISH-RAVA-FRY,PASSPORT-ASSAGAO,PASSPORT-ASSAGAO-KITCHEN-STORE,780,5025
PRAWN-CURRY-RICE,PASSPORT-ASSAGAO,PASSPORT-ASSAGAO-KITCHEN-STORE,720,5026
PORK-VINDALHO,PASSPORT-ASSAGAO,PASSPORT-ASSAGAO-KITCHEN-STORE,680,5027
TISREO-SUKHEM,PASSPORT-ASSAGAO,PASSPORT-ASSAGAO-KITCHEN-STORE,480,5028
BEBINCA,PASSPORT-ASSAGAO,PASSPORT-ASSAGAO-KITCHEN-STORE,320,5029
IRD-CLUB-SANDWICH,PASSPORT-ASSAGAO,PASSPORT-ASSAGAO-KITCHEN-STORE,450,5030
IRD-CHICKEN-XACUTI,PASSPORT-ASSAGAO,PASSPORT-ASSAGAO-KITCHEN-STORE,620,5031
IRD-MASALA-OMELETTE,PASSPORT-ASSAGAO,PASSPORT-ASSAGAO-KITCHEN-STORE,300,5032
POOL-FRIES,PASSPORT-ASSAGAO,PASSPORT-ASSAGAO-KITCHEN-STORE,280,5033
POOL-CHICKEN-POI,PASSPORT-ASSAGAO,PASSPORT-ASSAGAO-KITCHEN-STORE,420,5034
