prep_item_code,step,instruction,minutes
SUGAR-SYRUP,1,Dissolve the sugar in 500 ml of hot water; cool and bottle.,15
TEPACHE-LIQUEUR,1,Ferment pineapple skins and cores with jaggery and cinnamon for 3 days.,20
TEPACHE-LIQUEUR,2,"Strain, fortify with feni and bottle.",15
THECHA-SALT,1,Pound chillies and garlic to a coarse thecha; dry with the salt at low heat.,30
COLD-BREW,1,Coarse-grind the beans; steep in cold water for 16 hours; strain.,10
MUSKMELON-SHRUB,1,Macerate melon with sugar overnight; strain and add toddy vinegar.,20
HIBISCUS-SYRUP,1,Steep hibiscus in hot water; strain and dissolve the sugar.,20
RECHEADO-MASALA,1,Soak the chillies in the vinegar for 2 hours.,10
RECHEADO-MASALA,2,"Grind everything to a smooth, thick paste; jar and refrigerate.",20
XACUTI-MASALA,1,Roast grated coconut and onions until deep brown.,25
XACUTI-MASALA,2,Roast the spices; grind everything with water to a paste.,20
GOAN-CURRY-BASE,1,Sweat onions in coconut oil; add tomatoes and the ground chilli and turmeric.,20
GOAN-CURRY-BASE,2,Add coconut milk and kokum; simmer without boiling.,25
