template_code,place_code,name,schedule,assign_to,step,step_label,step_kind,min,max,unit,photo_required,from_library
KITCHEN-OPENING,PASSPORT-ASSAGAO-KITCHEN,Kitchen opening,daily 07:00,role:COMMIS,1,Walk-in chiller temperature,number,0,5,°C,no,
KITCHEN-OPENING,PASSPORT-ASSAGAO-KITCHEN,Kitchen opening,daily 07:00,role:COMMIS,2,Freezer temperature,number,-22,-18,°C,no,
KITCHEN-OPENING,PASSPORT-ASSAGAO-KITCHEN,Kitchen opening,daily 07:00,role:COMMIS,3,Seafood delivery on ice and smelling fresh,tick,,,,no,
KITCHEN-OPENING,PASSPORT-ASSAGAO-KITCHEN,Kitchen opening,daily 07:00,role:COMMIS,4,Hand-wash station stocked,tick,,,,no,
LAYOVER-SETUP,PASSPORT-ASSAGAO-BAR,Layover bar set-up,daily 16:30,role:BARTENDER,1,Ice well filled,tick,,,,no,
LAYOVER-SETUP,PASSPORT-ASSAGAO-BAR,Layover bar set-up,daily 16:30,role:BARTENDER,2,"Limes, pineapple and chillies cut",tick,,,,no,
LAYOVER-SETUP,PASSPORT-ASSAGAO-BAR,Layover bar set-up,daily 16:30,role:BARTENDER,3,"House preps in date (tepache, shrub, syrups)",tick,,,,no,
LAYOVER-SETUP,PASSPORT-ASSAGAO-BAR,Layover bar set-up,daily 16:30,role:BARTENDER,4,Back bar photo,photo,,,,no,
MINI-BAR-SETUP,PASSPORT-ASSAGAO-BAR,Mini Bar (lobby) set-up,daily 17:00,role:HEAD_BARTENDER,1,Signature preps labelled and in date,tick,,,,no,
MINI-BAR-SETUP,PASSPORT-ASSAGAO-BAR,Mini Bar (lobby) set-up,daily 17:00,role:HEAD_BARTENDER,2,Thecha salt rims ready,tick,,,,no,
MINI-BAR-SETUP,PASSPORT-ASSAGAO-BAR,Mini Bar (lobby) set-up,daily 17:00,role:HEAD_BARTENDER,3,Glassware polished,tick,,,,no,
POOL-WATER,PASSPORT-ASSAGAO-HOUSEKEEPING,Pool water test,daily 08:00 12:00 16:00,role:POOL_ATTENDANT,1,pH,number,7.2,7.8,pH,no,
POOL-WATER,PASSPORT-ASSAGAO-HOUSEKEEPING,Pool water test,daily 08:00 12:00 16:00,role:POOL_ATTENDANT,2,Free chlorine,number,1,3,ppm,no,
POOL-WATER,PASSPORT-ASSAGAO-HOUSEKEEPING,Pool water test,daily 08:00 12:00 16:00,role:POOL_ATTENDANT,3,"Water clear, no incident",tick,,,,no,
POOL-SAFETY,PASSPORT-ASSAGAO-HOUSEKEEPING,Pool safety check,daily 07:00,role:POOL_ATTENDANT,1,No glassware on the pool deck,tick,,,,no,
POOL-SAFETY,PASSPORT-ASSAGAO-HOUSEKEEPING,Pool safety check,daily 07:00,role:POOL_ATTENDANT,2,Depth markings and signs in place,tick,,,,no,
POOL-SAFETY,PASSPORT-ASSAGAO-HOUSEKEEPING,Pool safety check,daily 07:00,role:POOL_ATTENDANT,3,Pool towels stocked,tick,,,,no,
ROOM-INSPECTION,PASSPORT-ASSAGAO-HOUSEKEEPING,Room inspection round,daily 11:00,role:HOUSEKEEPING_SUPERVISOR,1,Vacated rooms inspected,tick,,,,no,
ROOM-INSPECTION,PASSPORT-ASSAGAO-HOUSEKEEPING,Room inspection round,daily 11:00,role:HOUSEKEEPING_SUPERVISOR,2,Minibars checked in vacated rooms,tick,,,,no,
ROOM-INSPECTION,PASSPORT-ASSAGAO-HOUSEKEEPING,Room inspection round,daily 11:00,role:HOUSEKEEPING_SUPERVISOR,3,Rooms ready by 14:00,tick,,,,no,
FRONT-OFFICE-HANDOVER,PASSPORT-ASSAGAO-FRONT-OFFICE,Front office handover,daily 15:00,role:FRONT_DESK_EXECUTIVE,1,Arrivals and VIPs noted,tick,,,,no,
FRONT-OFFICE-HANDOVER,PASSPORT-ASSAGAO-FRONT-OFFICE,Front office handover,daily 15:00,role:FRONT_DESK_EXECUTIVE,2,Minibar charges added to bills,tick,,,,no,
FRONT-OFFICE-HANDOVER,PASSPORT-ASSAGAO-FRONT-OFFICE,Front office handover,daily 15:00,role:FRONT_DESK_EXECUTIVE,3,Cash float counted,number,0,20000,₹,no,
JET-LAG-SETUP,PASSPORT-ASSAGAO-BANQUETS,Jet Lag event set-up,daily 16:00,role:BANQUET_CAPTAIN,1,Room set to the event sheet,tick,,,,no,
JET-LAG-SETUP,PASSPORT-ASSAGAO-BANQUETS,Jet Lag event set-up,daily 16:00,role:BANQUET_CAPTAIN,2,Sound and lights tested,tick,,,,no,
JET-LAG-SETUP,PASSPORT-ASSAGAO-BANQUETS,Jet Lag event set-up,daily 16:00,role:BANQUET_CAPTAIN,3,Set-up photo,photo,,,,no,
