username,pay_basis,pay_rate_inr
passport.owner,monthly,250000
passport.gm,monthly,160000
passport.front-office-manager,monthly,65000
passport.front-desk,monthly,28000
passport.bell-captain,monthly,24000
passport.executive-housekeeper,monthly,60000
passport.housekeeping-supervisor,monthly,32000
passport.room-attendant,monthly,20000
passport.public-area,monthly,18000
passport.laundry,monthly,18000
passport.pool,monthly,21000
passport.chef,monthly,110000
passport.sous-chef,monthly,55000
passport.cdp,monthly,35000
passport.commis,monthly,22000
passport.steward,monthly,17000
passport.restaurant-manager,monthly,62000
passport.captain,monthly,30000
passport.server,monthly,20000
passport.host,monthly,22000
passport.bar-manager,monthly,70000
passport.head-bartender,monthly,42000
passport.bartender,monthly,28000
passport.bar-back,monthly,18000
passport.ird,monthly,22000
passport.cashier,monthly,26000
passport.chief-engineer,monthly,68000
passport.technician,monthly,24000
passport.purchase-manager,monthly,58000
passport.store-keeper,monthly,30000
passport.receiving,monthly,22000
passport.accountant,monthly,48000
passport.cost-controller,monthly,52000
passport.hr,monthly,38000
passport.sales-manager,monthly,72000
passport.banquet-manager,monthly,60000
passport.banquet-captain,monthly,30000
passport.banquet-server,monthly,19000
