outlet_code,room_number,floor,room_type,minibar_set,status
PASSPORT-ASSAGAO,101,1,Passport Deluxe,Standard,DEP
PASSPORT-ASSAGAO,102,1,Passport Deluxe,Standard,OCC
PASSPORT-ASSAGAO,103,1,Passport Deluxe,Standard,OCC
PASSPORT-ASSAGAO,104,1,Passport Deluxe,Standard,VD
PASSPORT-ASSAGAO,105,1,Passport Deluxe,Standard,DEP
PASSPORT-ASSAGAO,106,1,Passport Deluxe,Standard,OCC
PASSPORT-ASSAGAO,107,1,Passport Deluxe,Standard,VC
PASSPORT-ASSAGAO,108,1,Explorer Suite,Suite,ARR
PASSPORT-ASSAGAO,109,1,Explorer Suite,Suite,OCC
PASSPORT-ASSAGAO,201,2,Passport Deluxe,Standard,VC
PASSPORT-ASSAGAO,202,2,Passport Deluxe,Standard,DEP
PASSPORT-ASSAGAO,203,2,Passport Deluxe,Standard,OCC
PASSPORT-ASSAGAO,204,2,Passport Deluxe,Standard,VD
PASSPORT-ASSAGAO,205,2,Passport Deluxe,Standard,OCC
PASSPORT-ASSAGAO,206,2,Passport Deluxe,Standard,ARR
PASSPORT-ASSAGAO,207,2,Passport Deluxe,Standard,OCC
PASSPORT-ASSAGAO,208,2,Explorer Suite,Suite,VC
PASSPORT-ASSAGAO,209,2,Explorer Suite,Suite,DEP
PASSPORT-ASSAGAO,301,3,Passport Deluxe,Standard,OCC
PASSPORT-ASSAGAO,302,3,Passport Deluxe,Standard,OOO
PASSPORT-ASSAGAO,303,3,Passport Deluxe,Standard,OCC
PASSPORT-ASSAGAO,304,3,Passport Deluxe,Standard,VC
PASSPORT-ASSAGAO,305,3,Passport Deluxe,Standard,OCC
PASSPORT-ASSAGAO,306,3,Passport Deluxe,Standard,DEP
PASSPORT-ASSAGAO,P-10,Pool level,Pool Terrace,Suite,VD
PASSPORT-ASSAGAO,P-11,Pool level,Pool Terrace,Suite,OCC
PASSPORT-ASSAGAO,P-12,Pool level,Pool Terrace,Suite,ARR
