outlet_code,set_name,store_node_code,item_code,par,price_inr
PASSPORT-ASSAGAO,Standard,PASSPORT-ASSAGAO-HOUSEKEEPING-STORE,WATER-1L,2,0
PASSPORT-ASSAGAO,Standard,PASSPORT-ASSAGAO-HOUSEKEEPING-STORE,COLA-300ML,2,120
PASSPORT-ASSAGAO,Standard,PASSPORT-ASSAGAO-HOUSEKEEPING-STORE,LAGER-330ML,2,250
PASSPORT-ASSAGAO,Standard,PASSPORT-ASSAGAO-HOUSEKEEPING-STORE,CASHEWS-100G,1,350
PASSPORT-ASSAGAO,Standard,PASSPORT-ASSAGAO-HOUSEKEEPING-STORE,CHIPS-PACK,1,150
PASSPORT-ASSAGAO,Standard,PASSPORT-ASSAGAO-HOUSEKEEPING-STORE,CHOCOLATE-BAR,1,200
PASSPORT-ASSAGAO,Suite,PASSPORT-ASSAGAO-HOUSEKEEPING-STORE,WATER-1L,2,0
PASSPORT-ASSAGAO,Suite,PASSPORT-ASSAGAO-HOUSEKEEPING-STORE,COLA-300ML,2,120
PASSPORT-ASSAGAO,Suite,PASSPORT-ASSAGAO-HOUSEKEEPING-STORE,LAGER-330ML,4,250
PASSPORT-ASSAGAO,Suite,PASSPORT-ASSAGAO-HOUSEKEEPING-STORE,CASHEWS-100G,2,350
PASSPORT-ASSAGAO,Suite,PASSPORT-ASSAGAO-HOUSEKEEPING-STORE,CHIPS-PACK,1,150
PASSPORT-ASSAGAO,Suite,PASSPORT-ASSAGAO-HOUSEKEEPING-STORE,CHOCOLATE-BAR,2,200
PASSPORT-ASSAGAO,Suite,PASSPORT-ASSAGAO-HOUSEKEEPING-STORE,FENI-NIP-180ML,1,450
