outlet_code,room_type,room_number,item_code,qty
PASSPORT-ASSAGAO,Passport Deluxe,,BATH-TOWEL,2
PASSPORT-ASSAGAO,Passport Deluxe,,BEDSHEET-KING,1
PASSPORT-ASSAGAO,Passport Deluxe,,SHAMPOO-30ML,2
PASSPORT-ASSAGAO,Passport Deluxe,,SOAP-40G,2
PASSPORT-ASSAGAO,Passport Deluxe,,DENTAL-KIT,2
PASSPORT-ASSAGAO,Passport Deluxe,,TOILET-ROLL,2
PASSPORT-ASSAGAO,Explorer Suite,,BATH-TOWEL,4
PASSPORT-ASSAGAO,Explorer Suite,,BEDSHEET-KING,1
PASSPORT-ASSAGAO,Explorer Suite,,SHAMPOO-30ML,4
PASSPORT-ASSAGAO,Explorer Suite,,SOAP-40G,4
PASSPORT-ASSAGAO,Explorer Suite,,DENTAL-KIT,2
PASSPORT-ASSAGAO,Explorer Suite,,TOILET-ROLL,3
PASSPORT-ASSAGAO,Pool Terrace,,BATH-TOWEL,2
PASSPORT-ASSAGAO,Pool Terrace,,POOL-TOWEL,2
PASSPORT-ASSAGAO,Pool Terrace,,BEDSHEET-KING,1
PASSPORT-ASSAGAO,Pool Terrace,,SHAMPOO-30ML,2
PASSPORT-ASSAGAO,Pool Terrace,,SOAP-40G,2
